﻿<?xml version="1.0" encoding="utf-8"?>
<configuration>
  <department name="EXAMPLE">
    <role name="Default">
      <command name="uninstall" file=".exe or .msi, or KBxxxxxx" arguments="" />
      <command name="script" file=".ps1" arguments="" />
      <command name="registry" action="add or del" key="" value="" type="" />
      <command name="custom" value="" />
    </role>
  </department>
  <department name="EXAMPLE">
    <role name="Default">
      <command name="script" file="ManageWindowsFeatures.ps1" arguments="-Name 'RSAT-DHCP' -Remove -Force" />
    </role>
  </department>
</configuration>