﻿<?xml version="1.0" encoding="utf-8"?>
<configuration>
  <department name="EXAMPLE">
    <role name="Default">
      <command name="install" file=".exe, .msi, .msp or .msu" arguments="" />
      <command name="uninstall" file=".exe or .msi, or KBxxxxxx" arguments="" />
      <command name="script" file=".ps1" arguments="" />
      <command name="copy" source="" destination="" />
      <command name="copy" source="" destination="" exclude="exclude file or extensions. Separate values by ," />
      <command name="registry" action="load" file=".reg" />
      <command name="registry" action="add or del" key="" value="" type="" />
      <command name="custom" value="" />
    </role>
  </department>
  <department name="IBF">
    <role name="Default">
      <command name="script" file="UpdateServer.ps1" arguments="-URL 'http://ISSG110008.one.ea.socgen:8530'" />
    </role>
  </department>
  <department name="IBFKB">
    <role name="Default">
      <command name="script" file="UpdateServer.ps1" />
    </role>
  </department>
  <department name="IBFALD">
    <role name="Default">
      <command name="script" file="UpdateServer.ps1" />
    </role>
  </department>
  <department name="IBFITO">
    <role name="Default">
      <command name="script" file="UpdateServer.ps1" />
    </role>
  </department>
</configuration>