﻿<?xml version="1.0" encoding="utf-8"?>
<configuration>
  <department name="EXAMPLE">
    <role name="Default">
      <package size="optional setting to define disk space (in MB) necessary on the System Drive to install package" />
      <command name="install" file="*.exe, *.msi or *.msp" arguments="" />
      <command name="script" file="*.vbs, *.ps1, *.bat or *.cmd" arguments="" />
      <command name="registry" action="load" file="*.reg" />
      <command name="registry" action="add or del" key="" value="" type="" />
      <command name="custom" value="" />
    </role>
  </department>
  <department name="IBFITO">
    <role name="Default">
      <command name="custom" value="cscript.exe /nologo C:\Windows\System32\slmgr.vbs /skms 192.82.120.130:37025" />
      <command name="custom" value="cscript.exe /nologo C:\Windows\System32\slmgr.vbs /ato" />
    </role>
  </department>
  <department name="IBFALD">
    <role name="Default">
    </role>
  </department>
</configuration>
