﻿<?xml version="1.0" encoding="utf-8"?>
<configuration>
  <department name="EXAMPLE">
    <role name="Default">
      <!--
			<command name="install" file="*.exe, *.msi or *.msp" arguments="" />
			<command name="script" file="*.vbs, *.ps1, *.bat or *.cmd" arguments="" /> 
			<command name="registry" action="load" file="*.reg" />
			<command name="registry" action="add or del" key="" value="" type="" />
			-->
    </role>
  </department>
  <department name="IBF">
    <role name="Default">
      <command name="script" file="InstallBGInfo.ps1" arguments="-BinPath 'conf\IBF' -ConfFile 'BgInfoIBF.bgi' -Version '4.21' -TeamResponsible 'IBFS' -Owner 'IT3C'" />
    </role>
  </department>
  <department name="IBFKB">
    <role name="Default">
      <command name="script" file="InstallBGInfo.ps1" arguments="-BinPath 'conf\IBFKB' -ConfFile 'BgInfoIBF.bgi' -Version '4.21' -TeamResponsible 'IBFS' -Owner 'IT3C'" />
    </role>
  </department>
  <department name="IBFALD">
    <role name="Default">
      <command name="script" file="InstallBGInfo.ps1" arguments="-BinPath 'conf\IBFALD' -ConfFile 'BgInfoIBF.bgi' -Version '4.21' -TeamResponsible 'IBFS' -Owner 'IT3C'" />
    </role>
  </department>
  <department name="IBFITO">
    <role name="Default">
      <command name="script" file="InstallBGInfo.ps1" arguments="-BinPath 'conf\IBFITO' -ConfFile 'BgInfoIBF.bgi' -Version '4.21' -TeamResponsible 'IBFS' -Owner 'IT3C'" />
    </role>
  </department>
</configuration>