﻿<?xml version="1.0" encoding="utf-8"?>
<configuration>
  <!--
	<settings>
		<package size="optional setting to define disk space (in MB) necessary on the System Drive to install application" />
		<models>
			<model name="hardware model compatible with the application" />
			<model name="hardware model compatible with the application" />
		</models>
	</settings>
	-->
  <department name="EXAMPLE">
    <role name="Default">
      <command name="install" file=".exe, .msi, .msp or .msu" arguments="" />
      <command name="uninstall" file=".exe or .msi, or KBxxxxxx" arguments="" />
      <command name="script" file=".ps1" arguments="" />
      <command name="copy" source="" destination="" />
      <command name="copy" source="" destination="" exclude="exclude file or extensions. Separate values by ," />
      <command name="registry" action="load" file=".reg" />
      <command name="registry" action="add or del" key="" value="" type="" />
      <command name="custom" value="" />
    </role>
  </department>
  <department name="IBF">
    <role name="Default">
      <command name="script" file="SetNTP.ps1" arguments="-File 'conf\$tsenv:SGDept\NTPList.xml'" />
    </role>
  </department>
  <department name="IBFKB">
    <role name="Default">
      <command name="script" file="SetNTP.ps1" arguments="-File 'conf\$tsenv:SGDept\NTPList.xml'" />
    </role>
  </department>
  <department name="IBFALD">
    <role name="Default">
      <command name="script" file="SetNTP.ps1" arguments="-File 'conf\$tsenv:SGDept\NTPList.xml'" />
    </role>
  </department>
  <department name="IBFITO">
    <role name="Default">
      <command name="script" file="SetNTP.ps1" arguments="-File 'conf\$tsenv:SGDept\NTPList.xml'" />
    </role>
  </department>
</configuration>