<configuration>
	<hardware name='Common'>
		<parameters>
			<enableauthtraps value='0' />
			<nameresretries value='16' />
			<contact name='' />
			<location name='' />
			<service list='' />
			<manager list='*' />
		</parameters>
		<communities>
			<community name='' rights='READCREATE'>
				<trap id='1' name='' />
			</community>
		</communities>
	</hardware>

	<hardware name='HP'>
		<communities>
		</communities>
	</hardware>

	<hardware name='BULL'>
		<communities>
		</communities>
	</hardware>

	<hardware name='IBM'>
		<communities>
		</communities>
	</hardware>

	<hardware name='VMware, Inc.'>
		<communities>
		</communities>
	</hardware>
</configuration>