﻿<?xml version="1.0" encoding="utf-8"?>
<configuration>
  <department name="ALL">
    <role name="Default">
      <command name="script" file="SetLogonMessage.ps1" arguments="-ConfFile 'conf\$tsenv:SGDept\logonMessage.xml'" />
      <command name="script" file="SetLogOffIconOnStartScreen.ps1" />
      <command name="script" file="SetVMAccelerationLevel.ps1" />
      <command name="registry" action="load" file="CommonSettings.reg" />
      <command name="script" file="SetStartScreen.ps1" arguments="-OS '6.3' -ConfFile 'conf\$tsenv:SGDept\StartScreenWin8.bin'" />
      <command name="script" file="SetStartScreen.ps1" arguments="-OS '10' -ConfFile 'conf\$tsenv:SGDept\StartScreenWin10.xml'" />
      <command name="script" file="SetUISettings.ps1" arguments="-ConfFile 'conf\$tsenv:SGDept\UISettings.reg'" />
      <command name="script" file="SetUISettings.ps1" arguments="-ConfFile 'CMTraceSettings.reg'" />
      <command name="script" file="SetCustomBackgrounds.ps1" arguments="-State 'Disable' -LockBackground 'conf\$tsenv:SGDept\blue.jpg'" />
      <command name="script" file="SetServices.ps1" arguments="-OS '10' -RegFile 'Services2K16.reg'" />
      <command name="script" file="SetScheduledTasks.ps1" arguments="-OS '10' -CSVFile 'ScheduledTasks.csv'" />
    </role>
  </department>
</configuration>