<?xml version="1.0" encoding="ISO-8859-1"?>
<teamingconfig>
  <!-- The comment lines in this file make it convenient   -->
  <!-- to reference <nic>, <team>, and <vlan> elements     -->
  <!-- within the file.  It is recommended that these      -->
  <!-- comment lines remain unchanged if the user edits    -->
  <!-- the file.                                           -->
  <!--                        -->
  <!--     Version Data       -->
  <!--                        -->
  <version UtilityVersion="10.70.0.29" ScriptVersion="3.1" />
  <!--                        -->
  <!--      Adapter Data      -->
  <!--                        -->
  <!-- <nic> element 1 -->
  <nic>
    <property id="SpeedDuplex" value="Auto/Auto" />
    <property id="PriorityVLANTag" value="Priority and VLAN Enabled" />
    <property id="IPChecksumOffloadIPv4" value="Rx/Tx Enable" />
    <property id="LSOV1IPv4" value="1" />
    <property id="LSOV2IPv4" value="1" />
    <property id="LSOV2IPv6" value="1" />
    <property id="JumboPacket" value="1514 Bytes" />
    <property id="NumRxd" value="896" />
    <property id="RSSEnabled" value="0" />
    <property id="TCPChecksumOffloadIPv4" value="Rx/Tx Enable" />
    <property id="TCPChecksumOffloadIPv6" value="Rx/Tx Enable" />
    <property id="TOEEnabled" value="0" />
    <property id="NumTxd" value="256" />
    <property id="UDPChecksumOffloadIPv4" value="Rx/Tx Enable" />
    <property id="UDPChecksumOffloadIPv6" value="Rx/Tx Enable" />
    <property id="PreferredPrimaryRanking" value="0" />
    <property id="DualChannelGroup" value="0" />
    <property id="ConfiguredPortCost" value="0" />
    <property id="NetworkAddress" value="2C-59-E5-37-6D-C4" />
  </nic>
  <!-- <nic> element 2 -->
  <nic>
    <property id="SpeedDuplex" value="Auto/Auto" />
    <property id="PriorityVLANTag" value="Priority and VLAN Enabled" />
    <property id="IPChecksumOffloadIPv4" value="Rx/Tx Enable" />
    <property id="LSOV1IPv4" value="1" />
    <property id="LSOV2IPv4" value="1" />
    <property id="LSOV2IPv6" value="1" />
    <property id="JumboPacket" value="1514 Bytes" />
    <property id="NumRxd" value="896" />
    <property id="RSSEnabled" value="0" />
    <property id="TCPChecksumOffloadIPv4" value="Rx/Tx Enable" />
    <property id="TCPChecksumOffloadIPv6" value="Rx/Tx Enable" />
    <property id="TOEEnabled" value="0" />
    <property id="NumTxd" value="256" />
    <property id="UDPChecksumOffloadIPv4" value="Rx/Tx Enable" />
    <property id="UDPChecksumOffloadIPv6" value="Rx/Tx Enable" />
    <property id="PreferredPrimaryRanking" value="1" />
    <property id="DualChannelGroup" value="0" />
    <property id="ConfiguredPortCost" value="0" />
    <property id="NetworkAddress" value="2C-59-E5-37-6D-C0" />
  </nic>
  <!--                        -->
  <!--       Team Data        -->
  <!--                        -->
  <!-- <team> element 1 -->
  <team relnics="1 2">
    <property id="TeamName" value="" />
    <property id="OpMode" value="TransmitLoadBalancing" />
    <property id="LoadBalAlgorithm" value="Auto" />
    <property id="RxPathValidationInterval" value="3" />
    <property id="TxPathValidationInterval" value="3" />
    <property id="RxPathValidationMode" value="Enabled" />
    <property id="TxPathValidationMode" value="Enabled" />
    <property id="TeamNetworkAddress" value="" />
    <property id="RSSEnabled" value="0" />
    <property id="JumboPacket" value="1514 Bytes" />
    <property id="IPChecksumOffloadIPv4" value="Disable" />
    <property id="TCPChecksumOffloadIPv4" value="Disable" />
    <property id="TCPChecksumOffloadIPv6" value="Disable" />
    <property id="UDPChecksumOffloadIPv4" value="Disable" />
    <property id="UDPChecksumOffloadIPv6" value="Disable" />
    <property id="LSOV1IPv4" value="0" />
    <property id="LSOV2IPv4" value="0" />
    <property id="LSOV2IPv6" value="0" />
    <property id="FlowControl" value="Rx/Tx Enable" />
  </team>
</teamingconfig>