﻿<?xml version="1.0" encoding="utf-8"?>
<configuration>
  <department name="EXAMPLE">
    <role name="Default">
      <!--
			<command name="install" file="*.exe, *.msi or *.msp" arguments="" />
			<command name="script" file="*.vbs, *.ps1, *.bat or *.cmd" arguments="" /> 
			<command name="registry" action="load" file="*.reg" />
			<command name="registry" action="add or del" key="" value="" type="" />
			-->
    </role>
  </department>
  <department name="IBF">
    <role name="Default">
      <command name="script" file="SetNetworkProviders.ps1" arguments="-File 'conf\IBF\NetProviders.xml'" />
    </role>
  </department>
  <department name="IBFKB">
    <role name="Default">
      <command name="script" file="SetNetworkProviders.ps1" arguments="-File 'conf\IBF\NetProviders.xml'" />
    </role>
  </department>
  <department name="IBFALD">
    <role name="Default">
      <command name="script" file="SetNetworkProviders.ps1" arguments="-File 'conf\IBF\NetProviders.xml'" />
    </role>
  </department>
  <department name="IBFITO">
    <role name="Default">
      <command name="script" file="SetNetworkProviders.ps1" arguments="-File 'conf\IBF\NetProviders.xml'" />
    </role>
  </department>
</configuration>