﻿<?xml version="1.0" encoding="utf-8"?>
<configuration>
  <department name="EXAMPLE">
    <role name="Default">
      <!--
			<command name="install" file="*.exe, *.msi or *.msp" arguments="" />
			<command name="script" file="*.vbs, *.ps1, *.bat or *.cmd" arguments="" /> 
			<command name="registry" action="load" file="*.reg" />
			<command name="registry" action="add or del" key="" value="" type="" />
			-->
    </role>
  </department>
  <department name="ALL">
    <role name="Default">
      <command name="script" file="SetIPv6.ps1" arguments="" />
      <command name="registry" action="add" key="HKLM\SYSTEM\CurrentControlSet\Services\NetBT\Parameters\EnableLMHOSTS" value="0" type="Dword" />
      <command name="registry" action="add" key="HKLM\SYSTEM\CurrentControlSet\Services\Tcpip\Parameters\SyncDomainWithMembership" value="0" type="Dword" />
    </role>
  </department>
  <department name="IBF">
    <role name="Default">
      <command name="script" file="SetNetworkConfig.ps1" arguments="-DisabledComponent QOS, LLTDIO, LLTDR -RegisterDNS Enabled -PowerMgmt Disabled" />
      <command name="registry" action="add" key="HKLM\SYSTEM\CurrentControlSet\Services\Tcpip\Parameters\NV Domain" value="$tsenv:SGDNSSuffix" />
      <command name="registry" action="add" key="HKLM\SYSTEM\CurrentControlSet\Services\Tcpip\Parameters\SyncDomainWithMembership" value="1" type="Dword" />
      <command name="script" file="DisableNetAdapters.ps1" arguments="" />
    </role>
    <role name="Cloud">
      <command name="registry" action="add" key="HKLM\SYSTEM\CurrentControlSet\Services\iphlpsvc\config\Enable6to4" value="3" type="Dword" />
      <command name="script" file="SetNetworkConfig.ps1" arguments="-DisabledComponent QOS, LLTDIO, LLTDR -RegisterDNS Enabled -PowerMgmt Disabled" />
      <command name="registry" action="add" key="HKLM\SYSTEM\CurrentControlSet\Services\Tcpip\Parameters\SyncDomainWithMembership" value="1" type="Dword" />
      <command name="script" file="DisableNetAdapters.ps1" arguments="" />
    </role>
  </department>
  <department name="IBFKB">
    <role name="Default">
      <command name="script" file="SetNetworkConfig.ps1" arguments="-DisabledComponent QOS, LLTDIO, LLTDR -RegisterDNS Enabled -PowerMgmt Disabled" />
      <command name="registry" action="add" key="HKLM\SYSTEM\CurrentControlSet\Services\Tcpip\Parameters\NV Domain" value="$tsenv:SGDNSSuffix" />
      <command name="registry" action="add" key="HKLM\SYSTEM\CurrentControlSet\Services\Tcpip\Parameters\SyncDomainWithMembership" value="1" type="Dword" />
      <command name="script" file="DisableNetAdapters.ps1" arguments="" />
    </role>
  </department>
  <department name="IBFALD">
    <role name="Default">
      <command name="registry" action="add" key="HKLM\SYSTEM\CurrentControlSet\Services\iphlpsvc\config\Enable6to4" value="3" type="Dword" />
      <command name="script" file="SetNetworkConfig.ps1" arguments="-DisabledComponent QOS, LLTDIO, LLTDR -RegisterDNS Enabled -PowerMgmt Disabled" />
      <command name="registry" action="add" key="HKLM\SYSTEM\CurrentControlSet\Services\Tcpip\Parameters\SearchList" value="" />
      <command name="registry" action="add" key="HKLM\SYSTEM\CurrentControlSet\Services\Tcpip\Parameters\UseDomainNameDevolution" value="1" />
      <command name="custom" value="Set-DnsClient -InterfaceIndex 12 -ConnectionSpecificSuffix ''" />
      <command name="registry" action="add" key="HKLM\SYSTEM\CurrentControlSet\Services\Tcpip\Parameters\SyncDomainWithMembership" value="1" type="Dword" />
      <command name="script" file="DisableNetAdapters.ps1" arguments="" />
    </role>
  </department>
  <department name="IBFITO">
    <role name="Default">
      <command name="registry" action="add" key="HKLM\SYSTEM\CurrentControlSet\Services\iphlpsvc\config\Enable6to4" value="3" type="Dword" />
      <command name="script" file="SetNetworkConfig.ps1" arguments="-DisabledComponent QOS, LLTDIO, LLTDR -RegisterDNS Enabled -PowerMgmt Disabled" />
      <command name="registry" action="add" key="HKLM\SYSTEM\CurrentControlSet\Services\Tcpip\Parameters\SyncDomainWithMembership" value="1" type="Dword" />
      <command name="script" file="DisableNetAdapters.ps1" arguments="" />
    </role>
  </department>
</configuration>