﻿<?xml version="1.0" encoding="utf-8"?>
<configuration>
  <!--
	<settings>
		<package size="optional setting to define disk space (in MB) necessary on the System Drive to install application" />
		<models>
			<model name="hardware model compatible with the application" />
			<model name="hardware model compatible with the application" />
		</models>
	</settings>
	-->
  <department name="EXAMPLE">
    <role name="Default">
      <command name="install" file=".exe, .msi or .msp" arguments="" />
      <command name="uninstall" file=".exe or .msi" arguments="" />
      <command name="script" file=".vbs, .ps1, .bat or .cmd" arguments="" />
      <command name="copy" source="" destination="" />
      <command name="copy" source="" destination="" exclude="exclude file or extensions. Separate values by ," />
      <command name="registry" action="load" file=".reg" />
      <command name="registry" action="add or del" key="" value="" type="" />
      <command name="custom" value="" />
    </role>
  </department>
  <department name="ALL">
    <role name="Default">
      <command name="script" file="SetWinRM.ps1" arguments="-Transport HTTP" />
    </role>
  </department>
</configuration>