﻿<?xml version="1.0" encoding="utf-8"?>
<configuration>
  <department name="EXAMPLE">
    <role name="Default">
      <command name="uninstall" file=".exe or .msi, or KBxxxxxx" arguments="" />
      <command name="script" file=".ps1" arguments="" />
      <command name="registry" action="add or del" key="" value="" type="" />
      <command name="custom" value="" />
    </role>
  </department>
  <department name="ALL">
    <role name="Default">
      <command name="script" file="Uninstall.cmd" />
      <command name="uninstall" file="KB2729094" />
      <command name="uninstall" file="KB2731771" />
      <command name="uninstall" file="KB2533623" />
      <command name="uninstall" file="KB2670838" />
      <command name="uninstall" file="KB2786081" />
      <command name="uninstall" file="KB2834140" />
      <command name="uninstall" file="KB2882822" />
    </role>
  </department>
</configuration>