﻿<?xml version="1.0" encoding="utf-8"?>
<configuration>
  <!--
	<settings>
		<package size="optional setting to define disk space (in MB) necessary on the System Drive to install application" />
		<models>
			<model name="hardware model compatible with the application" />
			<model name="hardware model compatible with the application" />
		</models>
	</settings>
	-->
  <department name="IBF">
    <role name="Default">
      <command name="script" file="SetNetworkTeaming.ps1" arguments="-Make 'Microsoft' -TeamName 'TEAM_PRD' -TeamMembersName 'PRD'" />
    </role>
  </department>
  <department name="IBFKB">
    <role name="Default">
      <command name="script" file="SetNetworkTeaming.ps1" arguments="-Make 'Microsoft' -TeamName 'TEAM_PRD' -TeamMembersName 'PRD'" />
    </role>
  </department>
  <department name="IBFALD">
    <role name="Default">
      <command name="script" file="SetNetworkTeaming.ps1" arguments="-Make 'Microsoft' -TeamName 'TEAM_PRD' -TeamMembersName 'PRD'" />
    </role>
  </department>
  <department name="IBFITO">
    <role name="Default">
      <command name="script" file="SetNetworkTeaming.ps1" arguments="-Make 'Microsoft' -TeamName 'TEAM_PRD' -TeamMembersName 'PRD'" />
    </role>
  </department>
</configuration>