﻿<?xml version="1.0" encoding="utf-8"?>
<configuration>
  <settings>
    <models>
      <model name="ProLiant" />
    </models>
  </settings>
  <department name="EXAMPLE">
    <role name="Default">
      <command name="install" file="*.exe, *.msi or *.msp" arguments="" />
      <command name="script" file="*.vbs, *.ps1, *.bat or *.cmd" arguments="" />
      <command name="registry" action="load" file="*.reg" />
      <command name="registry" action="add or del" key="" value="" type="" />
      <command name="custom" value="" />
    </role>
  </department>
</configuration>