﻿<?xml version="1.0" encoding="utf-8"?>
<configuration>
  <department name="ALL">
    <role name="Default">
      <!-- Mandatory for WSUS in DMZ or Workgroup -->
      <command name="script" file="ImportCertificate.ps1" arguments="-Path 'certs\certs.sst' -Store 'Root'" />
      <command name="script" file="ImportCertificate.ps1" arguments="-Path 'certs\UnipassCert2010\SG UniPass Root CA.crt' -Store 'Root'" />
      <command name="script" file="ImportCertificate.ps1" arguments="-Path 'certs\UnipassCert2010\SG UniPass Server Authentication 2010 CA.crt' -Store 'CA'" />
      <command name="script" file="ImportCertificate.ps1" arguments="-Path 'certs\UnipassCert2010\SG UniPass Authentication Root CA.crt' -Store 'CA'" />
      <command name="script" file="ImportCertificate.ps1" arguments="-Path 'certs\UnipassCert2010\SG UniPass Code Signing 2010 CA.crt' -Store 'CA'" />
      <command name="script" file="ImportCertificate.ps1" arguments="-Path 'certs\UnipassCert2010\SG UniPass Code Signing CA.crt' -Store 'CA'" />
      <command name="script" file="ImportCertificate.ps1" arguments="-Path 'certs\UnipassCert2010\SG UniPass Encipherment Root CA.crt' -Store 'CA'" />
      <command name="script" file="ImportCertificate.ps1" arguments="-Path 'certs\UnipassCert2010\SG UniPass Server Authentication CA.crt' -Store 'CA'" />
      <command name="script" file="ImportCertificate.ps1" arguments="-Path 'certs\UnipassCert2010\SG UniPass Signature Root CA.crt' -Store 'CA'" />
      <command name="script" file="ImportCertificate.ps1" arguments="-Path 'certs\UnipassCert2010\SG UniPass Third Party Authentication 2010 CA.crt' -Store 'CA'" />
      <command name="script" file="ImportCertificate.ps1" arguments="-Path 'certs\UnipassCert2010\SG UniPass Third Party Authentication CA.crt' -Store 'CA'" />
      <command name="script" file="ImportCertificate.ps1" arguments="-Path 'certs\UnipassCert2010\SG UniPass Trusted PKI Root CA.crt' -Store 'CA'" />
      <command name="script" file="ImportCertificate.ps1" arguments="-Path 'certs\UnipassCert2010\SG UniPass User Authentication 2010 CA.crt' -Store 'CA'" />
      <command name="script" file="ImportCertificate.ps1" arguments="-Path 'certs\UnipassCert2010\SG UniPass User Authentication CA.crt' -Store 'CA'" />
      <command name="script" file="ImportCertificate.ps1" arguments="-Path 'certs\UnipassCert2010\SG UniPass User Encipherment 2010 CA.crt' -Store 'CA'" />
      <command name="script" file="ImportCertificate.ps1" arguments="-Path 'certs\UnipassCert2010\SG UniPass User Encipherment CA.crt' -Store 'CA'" />
      <command name="script" file="ImportCertificate.ps1" arguments="-Path 'certs\UnipassCert2010\SG UniPass User Signature 2010 CA.crt' -Store 'CA'" />
      <command name="script" file="ImportCertificate.ps1" arguments="-Path 'certs\UnipassCert2010\SG UniPass User Signature CA.crt' -Store 'CA'" />
      <!-- UniPass 2016 -->
      <command name="script" file="ImportCertificate.ps1" arguments="-Path 'certs\UnipassCert2016\Root' -Store 'Root' -Force" />
      <command name="script" file="ImportCertificate.ps1" arguments="-Path 'certs\UnipassCert2016\CA' -Store 'CA' -Force" />
    </role>
  </department>
</configuration>